{"epoch/val_accuracy":0,"epoch/accuracy":0.625,"_step":4,"epoch/val_loss":0.98065185546875,"_wandb":{"runtime":45},"epoch/epoch":4,"_runtime":45,"epoch/loss":0.6621831655502319,"epoch/learning_rate":0.0010000000474974513,"_timestamp":1.751420695005159e+09}