{"_runtime":31,"epoch/val_accuracy":0.6383352875709534,"epoch/learning_rate":0.0010000000474974513,"_timestamp":1.7514327572901454e+09,"_wandb":{"runtime":31},"epoch/val_loss":1.5105810165405273,"_step":9,"epoch/accuracy":0.9670281410217285,"epoch/loss":0.09895479679107666,"epoch/epoch":9}