{"epoch/learning_rate":0.0010000000474974513,"epoch/val_loss":1.0226184129714966,"_wandb":{"runtime":414},"epoch/epoch":1,"epoch/loss":0.6626248955726624,"epoch/accuracy":0.625,"_runtime":414,"_timestamp":1.751431826509425e+09,"epoch/val_accuracy":0,"_step":1}