{"loss": 0.6624042987823486, "accuracy": 0.625, "val_loss": 0.9582452178001404, "val_accuracy": 0.0}