{"loss": 0.6621831655502319, "accuracy": 0.625, "val_loss": 0.98065185546875, "val_accuracy": 0.0}