{"loss": 0.09895479679107666, "accuracy": 0.9670281410217285, "val_loss": 1.5105810165405273, "val_accuracy": 0.6383352875709534}